{
	"elements": [
		{
			"from": [-14.5, -16, -16],
			"to": [-13, 32, 32],
			"rotation": {"angle": 0, "axis": "y", "origin": [8, 8, 12]},
			"faces": {
				"north": {"uv": [0, 15, 16, 15.5], "rotation": 270, "texture": "#hand"},
				"east": {"uv": [0, 15.5, 16, 15], "rotation": 270, "texture": "#hand"},
				"west": {"uv": [0, 15.5, 16, 15], "rotation": 270, "texture": "#hand"}
			}
		},
		{
			"from": [-16, -16, -16],
			"to": [32, -14.5, 32],
			"rotation": {"angle": 0, "axis": "y", "origin": [8, 8, 12]},
			"faces": {
				"north": {"uv": [0, 0, 0.5, 16], "rotation": 270, "texture": "#hand"},
				"south": {"uv": [0, 16, 0.5, 0], "rotation": 270, "texture": "#hand"},
				"up": {"uv": [0, 16, 0.5, 0], "rotation": 270, "texture": "#hand"}
			}
		},
		{
			"from": [-16, -14.5, -16],
			"to": [32, -13, 32],
			"rotation": {"angle": 0, "axis": "y", "origin": [8, 8, 12]},
			"faces": {
				"north": {"uv": [0.5, 0, 1, 16], "rotation": 270, "texture": "#hand"},
				"south": {"uv": [0.5, 16, 1, 0], "rotation": 270, "texture": "#hand"},
				"up": {"uv": [0.5, 16, 1, 0], "rotation": 270, "texture": "#hand"}
			}
		},
		{
			"from": [-16, -13, -16],
			"to": [32, -11.5, 32],
			"rotation": {"angle": 0, "axis": "y", "origin": [8, 8, 12]},
			"faces": {
				"north": {"uv": [1, 0, 1.5, 16], "rotation": 270, "texture": "#hand"},
				"south": {"uv": [1, 16, 1.5, 0], "rotation": 270, "texture": "#hand"},
				"up": {"uv": [1, 16, 1.5, 0], "rotation": 270, "texture": "#hand"}
			}
		},
		{
			"from": [-16, -11.5, -16],
			"to": [32, -10, 32],
			"rotation": {"angle": 0, "axis": "y", "origin": [8, 8, 12]},
			"faces": {
				"north": {"uv": [1.5, 0, 2, 16], "rotation": 270, "texture": "#hand"},
				"south": {"uv": [1.5, 16, 2, 0], "rotation": 270, "texture": "#hand"},
				"up": {"uv": [1.5, 16, 2, 0], "rotation": 270, "texture": "#hand"}
			}
		},
		{
			"from": [-16, -10, -16],
			"to": [32, -8.5, 32],
			"rotation": {"angle": 0, "axis": "y", "origin": [8, 8, 12]},
			"faces": {
				"north": {"uv": [2, 0, 2.5, 16], "rotation": 270, "texture": "#hand"},
				"south": {"uv": [2, 16, 2.5, 0], "rotation": 270, "texture": "#hand"},
				"up": {"uv": [2, 16, 2.5, 0], "rotation": 270, "texture": "#hand"}
			}
		},
		{
			"from": [-16, -8.5, -16],
			"to": [32, -7, 32],
			"rotation": {"angle": 0, "axis": "y", "origin": [8, 8, 12]},
			"faces": {
				"north": {"uv": [2.5, 0, 3, 16], "rotation": 270, "texture": "#hand"},
				"south": {"uv": [2.5, 16, 3, 0], "rotation": 270, "texture": "#hand"},
				"up": {"uv": [2.5, 16, 3, 0], "rotation": 270, "texture": "#hand"}
			}
		},
		{
			"from": [-16, -7, -16],
			"to": [32, -5.5, 32],
			"rotation": {"angle": 0, "axis": "y", "origin": [8, 8, 12]},
			"faces": {
				"north": {"uv": [3, 0, 3.5, 16], "rotation": 270, "texture": "#hand"},
				"south": {"uv": [3, 16, 3.5, 0], "rotation": 270, "texture": "#hand"},
				"up": {"uv": [3, 16, 3.5, 0], "rotation": 270, "texture": "#hand"}
			}
		},
		{
			"from": [-16, -5.5, -16],
			"to": [32, -4, 32],
			"rotation": {"angle": 0, "axis": "y", "origin": [8, 8, 12]},
			"faces": {
				"north": {"uv": [3.5, 0, 4, 16], "rotation": 270, "texture": "#hand"},
				"south": {"uv": [3.5, 16, 4, 0], "rotation": 270, "texture": "#hand"},
				"up": {"uv": [3.5, 16, 4, 0], "rotation": 270, "texture": "#hand"}
			}
		},
		{
			"from": [-16, -4, -16],
			"to": [32, -2.5, 32],
			"rotation": {"angle": 0, "axis": "y", "origin": [8, 8, 12]},
			"faces": {
				"north": {"uv": [4, 0, 4.5, 16], "rotation": 270, "texture": "#hand"},
				"south": {"uv": [4, 16, 4.5, 0], "rotation": 270, "texture": "#hand"},
				"up": {"uv": [4, 16, 4.5, 0], "rotation": 270, "texture": "#hand"}
			}
		},
		{
			"from": [-16, -2.5, -16],
			"to": [32, -1, 32],
			"rotation": {"angle": 0, "axis": "y", "origin": [8, 8, 12]},
			"faces": {
				"north": {"uv": [4.5, 0, 5, 16], "rotation": 270, "texture": "#hand"},
				"south": {"uv": [4.5, 16, 5, 0], "rotation": 270, "texture": "#hand"},
				"up": {"uv": [4.5, 16, 5, 0], "rotation": 270, "texture": "#hand"}
			}
		},
		{
			"from": [-16, -1, -16],
			"to": [32, 0.5, 32],
			"rotation": {"angle": 0, "axis": "y", "origin": [8, 8, 12]},
			"faces": {
				"north": {"uv": [5, 0, 5.5, 16], "rotation": 270, "texture": "#hand"},
				"south": {"uv": [5, 16, 5.5, 0], "rotation": 270, "texture": "#hand"},
				"up": {"uv": [5, 16, 5.5, 0], "rotation": 270, "texture": "#hand"}
			}
		},
		{
			"from": [-16, 0.5, -16],
			"to": [32, 2, 32],
			"rotation": {"angle": 0, "axis": "y", "origin": [8, 8, 12]},
			"faces": {
				"north": {"uv": [5.5, 0, 6, 16], "rotation": 270, "texture": "#hand"},
				"south": {"uv": [5.5, 16, 6, 0], "rotation": 270, "texture": "#hand"},
				"up": {"uv": [5.5, 16, 6, 0], "rotation": 270, "texture": "#hand"}
			}
		},
		{
			"from": [-16, 2, -16],
			"to": [32, 3.5, 32],
			"rotation": {"angle": 0, "axis": "y", "origin": [8, 8, 12]},
			"faces": {
				"north": {"uv": [6, 0, 6.5, 16], "rotation": 270, "texture": "#hand"},
				"south": {"uv": [6, 16, 6.5, 0], "rotation": 270, "texture": "#hand"},
				"up": {"uv": [6, 16, 6.5, 0], "rotation": 270, "texture": "#hand"}
			}
		},
		{
			"from": [-16, 3.5, -16],
			"to": [32, 5, 32],
			"rotation": {"angle": 0, "axis": "y", "origin": [8, 8, 12]},
			"faces": {
				"north": {"uv": [6.5, 0, 7, 16], "rotation": 270, "texture": "#hand"},
				"south": {"uv": [6.5, 16, 7, 0], "rotation": 270, "texture": "#hand"},
				"up": {"uv": [6.5, 16, 7, 0], "rotation": 270, "texture": "#hand"}
			}
		},
		{
			"from": [-16, 5, -16],
			"to": [32, 6.5, 32],
			"rotation": {"angle": 0, "axis": "y", "origin": [8, 8, 12]},
			"faces": {
				"north": {"uv": [7, 0, 7.5, 16], "rotation": 270, "texture": "#hand"},
				"south": {"uv": [7, 16, 7.5, 0], "rotation": 270, "texture": "#hand"},
				"up": {"uv": [7, 16, 7.5, 0], "rotation": 270, "texture": "#hand"}
			}
		},
		{
			"from": [-16, 6.5, -16],
			"to": [32, 8, 32],
			"rotation": {"angle": 0, "axis": "y", "origin": [8, 8, 12]},
			"faces": {
				"north": {"uv": [7.5, 0, 8, 16], "rotation": 270, "texture": "#hand"},
				"south": {"uv": [7.5, 16, 8, 0], "rotation": 270, "texture": "#hand"},
				"up": {"uv": [7.5, 16, 8, 0], "rotation": 270, "texture": "#hand"}
			}
		},
		{
			"from": [-16, 8, -16],
			"to": [32, 9.5, 32],
			"rotation": {"angle": 0, "axis": "y", "origin": [8, 8, 12]},
			"faces": {
				"north": {"uv": [8, 0, 8.5, 16], "rotation": 270, "texture": "#hand"},
				"south": {"uv": [8, 16, 8.5, 0], "rotation": 270, "texture": "#hand"},
				"up": {"uv": [8, 16, 8.5, 0], "rotation": 270, "texture": "#hand"}
			}
		},
		{
			"from": [-16, 9.5, -16],
			"to": [32, 11, 32],
			"rotation": {"angle": 0, "axis": "y", "origin": [8, 8, 12]},
			"faces": {
				"north": {"uv": [8.5, 0, 9, 16], "rotation": 270, "texture": "#hand"},
				"south": {"uv": [8.5, 16, 9, 0], "rotation": 270, "texture": "#hand"},
				"up": {"uv": [8.5, 16, 9, 0], "rotation": 270, "texture": "#hand"}
			}
		},
		{
			"from": [-16, 11, -16],
			"to": [32, 12.5, 32],
			"rotation": {"angle": 0, "axis": "y", "origin": [8, 8, 12]},
			"faces": {
				"north": {"uv": [9, 0, 9.5, 16], "rotation": 270, "texture": "#hand"},
				"south": {"uv": [9, 16, 9.5, 0], "rotation": 270, "texture": "#hand"},
				"up": {"uv": [9, 16, 9.5, 0], "rotation": 270, "texture": "#hand"}
			}
		},
		{
			"from": [-16, 12.5, -16],
			"to": [32, 14, 32],
			"rotation": {"angle": 0, "axis": "y", "origin": [8, 8, 12]},
			"faces": {
				"north": {"uv": [9.5, 0, 10, 16], "rotation": 270, "texture": "#hand"},
				"south": {"uv": [9.5, 16, 10, 0], "rotation": 270, "texture": "#hand"},
				"up": {"uv": [9.5, 16, 10, 0], "rotation": 270, "texture": "#hand"}
			}
		},
		{
			"from": [-16, 14, -16],
			"to": [32, 15.5, 32],
			"rotation": {"angle": 0, "axis": "y", "origin": [8, 8, 12]},
			"faces": {
				"north": {"uv": [10, 0, 10.5, 16], "rotation": 270, "texture": "#hand"},
				"south": {"uv": [10, 16, 10.5, 0], "rotation": 270, "texture": "#hand"},
				"up": {"uv": [10, 16, 10.5, 0], "rotation": 270, "texture": "#hand"}
			}
		},
		{
			"from": [-16, 15.5, -16],
			"to": [32, 17, 32],
			"rotation": {"angle": 0, "axis": "y", "origin": [8, 8, 12]},
			"faces": {
				"north": {"uv": [10.5, 0, 11, 16], "rotation": 270, "texture": "#hand"},
				"south": {"uv": [10.5, 16, 11, 0], "rotation": 270, "texture": "#hand"},
				"up": {"uv": [10.5, 16, 11, 0], "rotation": 270, "texture": "#hand"}
			}
		},
		{
			"from": [-16, 17, -16],
			"to": [32, 18.5, 32],
			"rotation": {"angle": 0, "axis": "y", "origin": [8, 8, 12]},
			"faces": {
				"north": {"uv": [11, 0, 11.5, 16], "rotation": 270, "texture": "#hand"},
				"south": {"uv": [11, 16, 11.5, 0], "rotation": 270, "texture": "#hand"},
				"up": {"uv": [11, 16, 11.5, 0], "rotation": 270, "texture": "#hand"}
			}
		},
		{
			"from": [-16, 18.5, -16],
			"to": [32, 20, 32],
			"rotation": {"angle": 0, "axis": "y", "origin": [8, 8, 12]},
			"faces": {
				"north": {"uv": [11.5, 0, 12, 16], "rotation": 270, "texture": "#hand"},
				"south": {"uv": [11.5, 16, 12, 0], "rotation": 270, "texture": "#hand"},
				"up": {"uv": [11.5, 16, 12, 0], "rotation": 270, "texture": "#hand"}
			}
		},
		{
			"from": [-16, 20, -16],
			"to": [32, 21.5, 32],
			"rotation": {"angle": 0, "axis": "y", "origin": [8, 8, 12]},
			"faces": {
				"north": {"uv": [12, 0, 12.5, 16], "rotation": 270, "texture": "#hand"},
				"south": {"uv": [12, 16, 12.5, 0], "rotation": 270, "texture": "#hand"},
				"up": {"uv": [12, 16, 12.5, 0], "rotation": 270, "texture": "#hand"}
			}
		},
		{
			"from": [-16, 21.5, -16],
			"to": [32, 23, 32],
			"rotation": {"angle": 0, "axis": "y", "origin": [8, 8, 12]},
			"faces": {
				"north": {"uv": [12.5, 0, 13, 16], "rotation": 270, "texture": "#hand"},
				"south": {"uv": [12.5, 16, 13, 0], "rotation": 270, "texture": "#hand"},
				"up": {"uv": [12.5, 16, 13, 0], "rotation": 270, "texture": "#hand"}
			}
		},
		{
			"from": [-16, 23, -16],
			"to": [32, 24.5, 32],
			"rotation": {"angle": 0, "axis": "y", "origin": [8, 8, 12]},
			"faces": {
				"north": {"uv": [13, 0, 13.5, 16], "rotation": 270, "texture": "#hand"},
				"south": {"uv": [13, 16, 13.5, 0], "rotation": 270, "texture": "#hand"},
				"up": {"uv": [13, 16, 13.5, 0], "rotation": 270, "texture": "#hand"}
			}
		},
		{
			"from": [-16, 24.5, -16],
			"to": [32, 26, 32],
			"rotation": {"angle": 0, "axis": "y", "origin": [8, 8, 12]},
			"faces": {
				"north": {"uv": [13.5, 0, 14, 16], "rotation": 270, "texture": "#hand"},
				"south": {"uv": [13.5, 16, 14, 0], "rotation": 270, "texture": "#hand"},
				"up": {"uv": [13.5, 16, 14, 0], "rotation": 270, "texture": "#hand"}
			}
		},
		{
			"from": [-16, 26, -16],
			"to": [32, 27.5, 32],
			"rotation": {"angle": 0, "axis": "y", "origin": [8, 8, 12]},
			"faces": {
				"north": {"uv": [14, 0, 14.5, 16], "rotation": 270, "texture": "#hand"},
				"south": {"uv": [14, 16, 14.5, 0], "rotation": 270, "texture": "#hand"},
				"up": {"uv": [14, 16, 14.5, 0], "rotation": 270, "texture": "#hand"}
			}
		},
		{
			"from": [-16, 27.5, -16],
			"to": [32, 29, 32],
			"rotation": {"angle": 0, "axis": "y", "origin": [8, 8, 12]},
			"faces": {
				"north": {"uv": [14.5, 0, 15, 16], "rotation": 270, "texture": "#hand"},
				"south": {"uv": [14.5, 16, 15, 0], "rotation": 270, "texture": "#hand"},
				"up": {"uv": [14.5, 16, 15, 0], "rotation": 270, "texture": "#hand"}
			}
		},
		{
			"from": [-16, 29, -16],
			"to": [32, 30.5, 32],
			"rotation": {"angle": 0, "axis": "y", "origin": [8, 8, 12]},
			"faces": {
				"north": {"uv": [15, 0, 15.5, 16], "rotation": 270, "texture": "#hand"},
				"south": {"uv": [15, 16, 15.5, 0], "rotation": 270, "texture": "#hand"},
				"up": {"uv": [15, 16, 15.5, 0], "rotation": 270, "texture": "#hand"}
			}
		},
		{
			"from": [-16, 30.5, -16],
			"to": [32, 32, 32],
			"rotation": {"angle": 0, "axis": "y", "origin": [8, 8, 12]},
			"faces": {
				"north": {"uv": [15.5, 0, 16, 16], "rotation": 270, "texture": "#hand"},
				"south": {"uv": [15.5, 16, 16, 0], "rotation": 270, "texture": "#hand"},
				"up": {"uv": [15.5, 16, 16, 0], "rotation": 270, "texture": "#hand"}
			}
		},
		{
			"from": [-16, -16, -16],
			"to": [-14.5, 32, 32],
			"rotation": {"angle": 0, "axis": "y", "origin": [8, 8, 12]},
			"faces": {
				"east": {"uv": [0, 16, 16, 15.5], "rotation": 270, "texture": "#hand"},
				"west": {"uv": [0, 16, 16, 15.5], "rotation": 270, "texture": "#hand"}
			}
		},
		{
			"from": [-13, -16, -16],
			"to": [-11.5, 32, 32],
			"rotation": {"angle": 0, "axis": "y", "origin": [8, 8, 12]},
			"faces": {
				"east": {"uv": [0, 15, 16, 14.5], "rotation": 270, "texture": "#hand"},
				"west": {"uv": [0, 15, 16, 14.5], "rotation": 270, "texture": "#hand"}
			}
		},
		{
			"from": [-11.5, -16, -16],
			"to": [-10, 32, 32],
			"rotation": {"angle": 0, "axis": "y", "origin": [8, 8, 12]},
			"faces": {
				"east": {"uv": [0, 14.5, 16, 14], "rotation": 270, "texture": "#hand"},
				"west": {"uv": [0, 14.5, 16, 14], "rotation": 270, "texture": "#hand"}
			}
		},
		{
			"from": [-10, -16, -16],
			"to": [-8.5, 32, 32],
			"rotation": {"angle": 0, "axis": "y", "origin": [8, 8, 12]},
			"faces": {
				"east": {"uv": [0, 14, 16, 13.5], "rotation": 270, "texture": "#hand"},
				"west": {"uv": [0, 14, 16, 13.5], "rotation": 270, "texture": "#hand"}
			}
		},
		{
			"from": [-8.5, -16, -16],
			"to": [-7, 32, 32],
			"rotation": {"angle": 0, "axis": "y", "origin": [8, 8, 12]},
			"faces": {
				"east": {"uv": [0, 13.5, 16, 13], "rotation": 270, "texture": "#hand"},
				"west": {"uv": [0, 13.5, 16, 13], "rotation": 270, "texture": "#hand"}
			}
		},
		{
			"from": [-7, -16, -16],
			"to": [-5.5, 32, 32],
			"rotation": {"angle": 0, "axis": "y", "origin": [8, 8, 12]},
			"faces": {
				"east": {"uv": [0, 13, 16, 12.5], "rotation": 270, "texture": "#hand"},
				"west": {"uv": [0, 13, 16, 12.5], "rotation": 270, "texture": "#hand"}
			}
		},
		{
			"from": [-5.5, -16, -16],
			"to": [-4, 32, 32],
			"rotation": {"angle": 0, "axis": "y", "origin": [8, 8, 12]},
			"faces": {
				"east": {"uv": [0, 12.5, 16, 12], "rotation": 270, "texture": "#hand"},
				"west": {"uv": [0, 12.5, 16, 12], "rotation": 270, "texture": "#hand"}
			}
		},
		{
			"from": [-4, -16, -16],
			"to": [-2.5, 32, 32],
			"rotation": {"angle": 0, "axis": "y", "origin": [8, 8, 12]},
			"faces": {
				"east": {"uv": [0, 12, 16, 11.5], "rotation": 270, "texture": "#hand"},
				"west": {"uv": [0, 12, 16, 11.5], "rotation": 270, "texture": "#hand"}
			}
		},
		{
			"from": [-2.5, -16, -16],
			"to": [-1, 32, 32],
			"rotation": {"angle": 0, "axis": "y", "origin": [8, 8, 12]},
			"faces": {
				"east": {"uv": [0, 11.5, 16, 11], "rotation": 270, "texture": "#hand"},
				"west": {"uv": [0, 11.5, 16, 11], "rotation": 270, "texture": "#hand"}
			}
		},
		{
			"from": [-1, -16, -16],
			"to": [0.5, 32, 32],
			"rotation": {"angle": 0, "axis": "y", "origin": [8, 8, 12]},
			"faces": {
				"east": {"uv": [0, 11, 16, 10.5], "rotation": 270, "texture": "#hand"},
				"west": {"uv": [0, 11, 16, 10.5], "rotation": 270, "texture": "#hand"}
			}
		},
		{
			"from": [0.5, -16, -16],
			"to": [2, 32, 32],
			"rotation": {"angle": 0, "axis": "y", "origin": [8, 8, 12]},
			"faces": {
				"east": {"uv": [0, 10.5, 16, 10], "rotation": 270, "texture": "#hand"},
				"west": {"uv": [0, 10.5, 16, 10], "rotation": 270, "texture": "#hand"}
			}
		},
		{
			"from": [2, -16, -16],
			"to": [3.5, 32, 32],
			"rotation": {"angle": 0, "axis": "y", "origin": [8, 8, 12]},
			"faces": {
				"east": {"uv": [0, 10, 16, 9.5], "rotation": 270, "texture": "#hand"},
				"west": {"uv": [0, 10, 16, 9.5], "rotation": 270, "texture": "#hand"}
			}
		},
		{
			"from": [3.5, -16, -16],
			"to": [5, 32, 32],
			"rotation": {"angle": 0, "axis": "y", "origin": [8, 8, 12]},
			"faces": {
				"east": {"uv": [0, 9.5, 16, 9], "rotation": 270, "texture": "#hand"},
				"west": {"uv": [0, 9.5, 16, 9], "rotation": 270, "texture": "#hand"}
			}
		},
		{
			"from": [5, -16, -16],
			"to": [6.5, 32, 32],
			"rotation": {"angle": 0, "axis": "y", "origin": [8, 8, 12]},
			"faces": {
				"east": {"uv": [0, 9, 16, 8.5], "rotation": 270, "texture": "#hand"},
				"west": {"uv": [0, 9, 16, 8.5], "rotation": 270, "texture": "#hand"}
			}
		},
		{
			"from": [6.5, -16, -16],
			"to": [8, 32, 32],
			"rotation": {"angle": 0, "axis": "y", "origin": [8, 8, 12]},
			"faces": {
				"east": {"uv": [0, 8.5, 16, 8], "rotation": 270, "texture": "#hand"},
				"west": {"uv": [0, 8.5, 16, 8], "rotation": 270, "texture": "#hand"}
			}
		},
		{
			"from": [8, -16, -16],
			"to": [9.5, 32, 32],
			"rotation": {"angle": 0, "axis": "y", "origin": [8, 8, 12]},
			"faces": {
				"east": {"uv": [0, 8, 16, 7.5], "rotation": 270, "texture": "#hand"},
				"west": {"uv": [0, 8, 16, 7.5], "rotation": 270, "texture": "#hand"}
			}
		},
		{
			"from": [9.5, -16, -16],
			"to": [11, 32, 32],
			"rotation": {"angle": 0, "axis": "y", "origin": [8, 8, 12]},
			"faces": {
				"east": {"uv": [0, 7.5, 16, 7], "rotation": 270, "texture": "#hand"},
				"west": {"uv": [0, 7.5, 16, 7], "rotation": 270, "texture": "#hand"}
			}
		},
		{
			"from": [11, -16, -16],
			"to": [12.5, 32, 32],
			"rotation": {"angle": 0, "axis": "y", "origin": [8, 8, 12]},
			"faces": {
				"east": {"uv": [0, 7, 16, 6.5], "rotation": 270, "texture": "#hand"},
				"west": {"uv": [0, 7, 16, 6.5], "rotation": 270, "texture": "#hand"}
			}
		},
		{
			"from": [12.5, -16, -16],
			"to": [14, 32, 32],
			"rotation": {"angle": 0, "axis": "y", "origin": [8, 8, 12]},
			"faces": {
				"east": {"uv": [0, 6.5, 16, 6], "rotation": 270, "texture": "#hand"},
				"west": {"uv": [0, 6.5, 16, 6], "rotation": 270, "texture": "#hand"}
			}
		},
		{
			"from": [14, -16, -16],
			"to": [15.5, 32, 32],
			"rotation": {"angle": 0, "axis": "y", "origin": [8, 8, 12]},
			"faces": {
				"east": {"uv": [0, 6, 16, 5.5], "rotation": 270, "texture": "#hand"},
				"west": {"uv": [0, 6, 16, 5.5], "rotation": 270, "texture": "#hand"}
			}
		},
		{
			"from": [15.5, -16, -16],
			"to": [17, 32, 32],
			"rotation": {"angle": 0, "axis": "y", "origin": [8, 8, 12]},
			"faces": {
				"east": {"uv": [0, 5.5, 16, 5], "rotation": 270, "texture": "#hand"},
				"west": {"uv": [0, 5.5, 16, 5], "rotation": 270, "texture": "#hand"}
			}
		},
		{
			"from": [17, -16, -16],
			"to": [18.5, 32, 32],
			"rotation": {"angle": 0, "axis": "y", "origin": [8, 8, 12]},
			"faces": {
				"east": {"uv": [0, 5, 16, 4.5], "rotation": 270, "texture": "#hand"},
				"west": {"uv": [0, 5, 16, 4.5], "rotation": 270, "texture": "#hand"}
			}
		},
		{
			"from": [18.5, -16, -16],
			"to": [20, 32, 32],
			"rotation": {"angle": 0, "axis": "y", "origin": [8, 8, 12]},
			"faces": {
				"east": {"uv": [0, 4.5, 16, 4], "rotation": 270, "texture": "#hand"},
				"west": {"uv": [0, 4.5, 16, 4], "rotation": 270, "texture": "#hand"}
			}
		},
		{
			"from": [20, -16, -16],
			"to": [21.5, 32, 32],
			"rotation": {"angle": 0, "axis": "y", "origin": [8, 8, 12]},
			"faces": {
				"east": {"uv": [0, 4, 16, 3.5], "rotation": 270, "texture": "#hand"},
				"west": {"uv": [0, 4, 16, 3.5], "rotation": 270, "texture": "#hand"}
			}
		},
		{
			"from": [21.5, -16, -16],
			"to": [23, 32, 32],
			"rotation": {"angle": 0, "axis": "y", "origin": [8, 8, 12]},
			"faces": {
				"east": {"uv": [0, 3.5, 16, 3], "rotation": 270, "texture": "#hand"},
				"west": {"uv": [0, 3.5, 16, 3], "rotation": 270, "texture": "#hand"}
			}
		},
		{
			"from": [23, -16, -16],
			"to": [24.5, 32, 32],
			"rotation": {"angle": 0, "axis": "y", "origin": [8, 8, 12]},
			"faces": {
				"east": {"uv": [0, 3, 16, 2.5], "rotation": 270, "texture": "#hand"},
				"west": {"uv": [0, 3, 16, 2.5], "rotation": 270, "texture": "#hand"}
			}
		},
		{
			"from": [24.5, -16, -16],
			"to": [26, 32, 32],
			"rotation": {"angle": 0, "axis": "y", "origin": [8, 8, 12]},
			"faces": {
				"east": {"uv": [0, 2.5, 16, 2], "rotation": 270, "texture": "#hand"},
				"west": {"uv": [0, 2.5, 16, 2], "rotation": 270, "texture": "#hand"}
			}
		},
		{
			"from": [26, -16, -16],
			"to": [27.5, 32, 32],
			"rotation": {"angle": 0, "axis": "y", "origin": [8, 8, 12]},
			"faces": {
				"east": {"uv": [0, 2, 16, 1.5], "rotation": 270, "texture": "#hand"},
				"west": {"uv": [0, 2, 16, 1.5], "rotation": 270, "texture": "#hand"}
			}
		},
		{
			"from": [27.5, -16, -16],
			"to": [29, 32, 32],
			"rotation": {"angle": 0, "axis": "y", "origin": [8, 8, 12]},
			"faces": {
				"east": {"uv": [0, 1.5, 16, 1], "rotation": 270, "texture": "#hand"},
				"west": {"uv": [0, 1.5, 16, 1], "rotation": 270, "texture": "#hand"}
			}
		},
		{
			"from": [29, -16, -16],
			"to": [30.5, 32, 32],
			"rotation": {"angle": 0, "axis": "y", "origin": [8, 8, 12]},
			"faces": {
				"east": {"uv": [0, 1, 16, 0.5], "rotation": 270, "texture": "#hand"},
				"west": {"uv": [0, 1, 16, 0.5], "rotation": 270, "texture": "#hand"}
			}
		},
		{
			"from": [30.5, -16, -16],
			"to": [32, 32, 32],
			"rotation": {"angle": 0, "axis": "y", "origin": [8, 8, 12]},
			"faces": {
				"east": {"uv": [0, 0.5, 16, 0], "rotation": 270, "texture": "#hand"},
				"west": {"uv": [0, 0.5, 16, 0], "rotation": 270, "texture": "#hand"}
			}
		},
		{
			"from": [-5, 4, 0],
			"to": [11, 4, 16],
			"rotation": {"angle": 0, "axis": "y", "origin": [3, 4, 12]},
			"faces": {
				"down": {"uv": [0, 0, 16, 16], "rotation": 270, "texture": "#icon"}
			}
		}
	],
	"gui_light": "front",
	"display": {
		"thirdperson_righthand": {
			"rotation": [45, 90, 0],
			"translation": [0.25, 9.75, 1],
			"scale": [0.66, 0.66, 0.02]
		},
		"thirdperson_lefthand": {
			"rotation": [45, -90, 0],
			"translation": [0.25, 9.75, 1],
			"scale": [0.66, 0.66, 0.02]
		},
		"firstperson_righthand": {
			"rotation": [150, 90, -100],
			"translation": [3, 4.25, -0.5],
			"scale": [0.33, 0.33, 0.0066]
		},
		"firstperson_lefthand": {
			"rotation": [150, -90, 100],
			"translation": [3, 4.25, -0.5],
			"scale": [0.33, 0.33, 0.0066]
		},
		"ground": {
			"rotation": [0, 0, 90],
			"translation": [0, 7, 0],
			"scale": [0.33, 0.33, 0.01]
		},
		"gui": {
			"rotation": [90, 90, -180],
			"translation": [0, -6, 0],
			"scale": [1.33, 1.33, 1.33]
		},
		"head": {
			"rotation": [0, 180, 45],
			"translation": [0, 0, 7],
			"scale": [0.66, 0.66, 0.02]
		},
		"fixed": {
			"rotation": [0, 0, 90],
			"scale": [0.33, 0.33, 0.01]
		}
	}
}